ID,Pred
2018_1104_1112,0.26868586692
2018_1104_1113,0.623680617157
2018_1104_1116,0.331451390245
2018_1104_1120,0.26868586692
2018_1104_1137,0.623680617157
2018_1104_1138,0.79265726842
2018_1104_1139,0.499581140026
2018_1104_1153,0.334497894791
2018_1104_1155,0.334497894791
2018_1104_1158,0.799525317519
2018_1104_1166,0.540956301759
2018_1104_1168,0.809065028796
2018_1104_1172,0.502946277355
2018_1104_1181,0.251722166693
2018_1104_1196,0.219951156198
2018_1104_1199,0.5542034755
2018_1104_1209,0.623680617157
2018_1104_1211,0.287196655553
2018_1104_1222,0.526373986596
2018_1104_1233,0.79265726842
2018_1104_1242,0.251722166693
2018_1104_1243,0.556519286772
2018_1104_1246,0.251722166693
2018_1104_1252,0.79265726842
2018_1104_1254,0.79265726842
2018_1104_1260,0.809065028796
2018_1104_1267,0.79265726842
2018_1104_1274,0.293000570196
2018_1104_1276,0.277080909954
2018_1104_1277,0.251722166693
2018_1104_1281,0.503390307173
2018_1104_1285,0.647513835966
2018_1104_1293,0.633558310399
2018_1104_1300,0.799525317519
2018_1104_1301,0.509712415591
2018_1104_1305,0.287196655553
2018_1104_1308,0.799525317519
2018_1104_1314,0.237906089596
2018_1104_1326,0.259775456954
2018_1104_1328,0.477559177164
2018_1104_1335,0.802251289951
2018_1104_1344,0.577303458264
2018_1104_1345,0.304963131768
2018_1104_1347,0.809065028796
2018_1104_1348,0.277080909954
2018_1104_1355,0.79265726842
2018_1104_1361,0.580879647372
2018_1104_1371,0.540956301759
2018_1104_1372,0.633558310399
2018_1104_1382,0.79265726842
2018_1104_1393,0.543429947354
2018_1104_1395,0.526373986596
2018_1104_1397,0.26868586692
2018_1104_1400,0.510157850055
2018_1104_1401,0.295936021283
2018_1104_1403,0.287196655553
2018_1104_1411,0.799525317519
2018_1104_1417,0.536429201764
2018_1104_1420,0.809065028796
2018_1104_1422,0.802251289951
2018_1104_1437,0.26868586692
2018_1104_1438,0.308720095783
2018_1104_1439,0.540956301759
2018_1104_1452,0.26868586692
2018_1104_1455,0.26868586692
2018_1104_1460,0.809065028796
2018_1104_1462,0.26868586692
2018_1112_1113,0.640171443282
2018_1112_1116,0.663544299723
2018_1112_1120,0.4972263224
2018_1112_1137,0.644099703304
2018_1112_1138,0.809065028796
2018_1112_1139,0.583474303529
2018_1112_1153,0.356725647792
2018_1112_1155,0.598909973871
2018_1112_1158,0.809065028796
2018_1112_1166,0.640171443282
2018_1112_1168,0.809065028796
2018_1112_1172,0.543429947354
2018_1112_1181,0.251722166693
2018_1112_1196,0.543429947354
2018_1112_1199,0.640171443282
2018_1112_1209,0.654012652852
2018_1112_1211,0.5396930225
2018_1112_1222,0.809065028796
2018_1112_1233,0.809065028796
2018_1112_1242,0.259775456954
2018_1112_1243,0.647513835966
2018_1112_1246,0.503276191694
2018_1112_1252,0.809065028796
2018_1112_1254,0.809065028796
2018_1112_1260,0.809065028796
2018_1112_1267,0.794148075375
2018_1112_1274,0.605709860907
2018_1112_1276,0.522062403601
2018_1112_1277,0.479259905673
2018_1112_1281,0.605709860907
2018_1112_1285,0.654012652852
2018_1112_1293,0.654012652852
2018_1112_1300,0.809065028796
2018_1112_1301,0.605709860907
2018_1112_1305,0.619859105811
2018_1112_1308,0.809065028796
2018_1112_1314,0.259775456954
2018_1112_1326,0.503276191694
2018_1112_1328,0.56867227009
2018_1112_1335,0.809065028796
2018_1112_1344,0.654012652852
2018_1112_1345,0.348124128255
2018_1112_1347,0.809065028796
2018_1112_1348,0.583474303529
2018_1112_1355,0.809065028796
2018_1112_1361,0.605709860907
2018_1112_1371,0.654012652852
2018_1112_1372,0.654012652852
2018_1112_1382,0.809065028796
2018_1112_1393,0.561906734443
2018_1112_1395,0.799525317519
2018_1112_1397,0.499011288686
2018_1112_1400,0.583474303529
2018_1112_1401,0.636142767541
2018_1112_1403,0.522062403601
2018_1112_1411,0.809065028796
2018_1112_1417,0.56867227009
2018_1112_1420,0.809065028796
2018_1112_1422,0.809065028796
2018_1112_1437,0.26868586692
2018_1112_1438,0.327206844712
2018_1112_1439,0.654012652852
2018_1112_1452,0.510157850055
2018_1112_1455,0.524545642077
2018_1112_1460,0.809065028796
2018_1112_1462,0.287196655553
2018_1113_1116,0.307646747156
2018_1113_1120,0.22889810739
2018_1113_1137,0.583474303529
2018_1113_1138,0.647513835966
2018_1113_1139,0.433249425089
2018_1113_1153,0.291259144239
2018_1113_1155,0.291259144239
2018_1113_1158,0.647513835966
2018_1113_1166,0.277080909954
2018_1113_1168,0.647513835966
2018_1113_1172,0.420311094087
2018_1113_1181,0.195453738868
2018_1113_1196,0.21063181637
2018_1113_1199,0.291259144239
2018_1113_1209,0.583474303529
2018_1113_1211,0.268519955989
2018_1113_1222,0.348124128255
2018_1113_1233,0.647513835966
2018_1113_1242,0.200730118102
2018_1113_1243,0.289385250789
2018_1113_1246,0.212147992486
2018_1113_1252,0.647513835966
2018_1113_1254,0.647513835966
2018_1113_1260,0.579469950572
2018_1113_1267,0.635667258178
2018_1113_1274,0.271600032638
2018_1113_1276,0.257067750395
2018_1113_1277,0.212147992486
2018_1113_1281,0.271600032638
2018_1113_1285,0.583474303529
2018_1113_1293,0.525291683305
2018_1113_1300,0.647513835966
2018_1113_1301,0.271600032638
2018_1113_1305,0.259775456954
2018_1113_1308,0.592021792299
2018_1113_1314,0.200730118102
2018_1113_1326,0.21063181637
2018_1113_1328,0.390252306354
2018_1113_1335,0.647513835966
2018_1113_1344,0.499011288686
2018_1113_1345,0.289385250789
2018_1113_1347,0.647513835966
2018_1113_1348,0.289385250789
2018_1113_1355,0.592021792299
2018_1113_1361,0.490344485154
2018_1113_1371,0.289385250789
2018_1113_1372,0.583474303529
2018_1113_1382,0.579469950572
2018_1113_1393,0.409959397071
2018_1113_1395,0.334497894791
2018_1113_1397,0.217541309617
2018_1113_1400,0.435484001867
2018_1113_1401,0.273403068684
2018_1113_1403,0.271600032638
2018_1113_1411,0.647513835966
2018_1113_1417,0.397294742299
2018_1113_1420,0.647513835966
2018_1113_1422,0.647513835966
2018_1113_1437,0.200530671519
2018_1113_1438,0.271600032638
2018_1113_1439,0.289385250789
2018_1113_1452,0.231929337863
2018_1113_1455,0.257067750395
2018_1113_1460,0.647513835966
2018_1113_1462,0.251722166693
2018_1116_1120,0.200530671519
2018_1116_1137,0.546933399061
2018_1116_1138,0.591144308548
2018_1116_1139,0.47797673259
2018_1116_1153,0.273403068684
2018_1116_1155,0.271600032638
2018_1116_1158,0.605709860907
2018_1116_1166,0.488124432717
2018_1116_1168,0.605709860907
2018_1116_1172,0.478588765347
2018_1116_1181,0.194027489981
2018_1116_1196,0.394913551505
2018_1116_1199,0.546933399061
2018_1116_1209,0.561906734443
2018_1116_1211,0.251722166693
2018_1116_1222,0.511194471329
2018_1116_1233,0.591144308548
2018_1116_1242,0.194027489981
2018_1116_1243,0.561906734443
2018_1116_1246,0.21063181637
2018_1116_1252,0.605709860907
2018_1116_1254,0.605709860907
2018_1116_1260,0.605709860907
2018_1116_1267,0.583092268937
2018_1116_1274,0.433249425089
2018_1116_1276,0.217541309617
2018_1116_1277,0.212147992486
2018_1116_1281,0.459241218542
2018_1116_1285,0.561906734443
2018_1116_1293,0.561906734443
2018_1116_1300,0.605709860907
2018_1116_1301,0.528355169767
2018_1116_1305,0.46467011219
2018_1116_1308,0.605709860907
2018_1116_1314,0.194027489981
2018_1116_1326,0.21063181637
2018_1116_1328,0.452982837863
2018_1116_1335,0.605709860907
2018_1116_1344,0.561906734443
2018_1116_1345,0.271600032638
2018_1116_1347,0.605709860907
2018_1116_1348,0.512377804168
2018_1116_1355,0.595269414593
2018_1116_1361,0.543429947354
2018_1116_1371,0.488124432717
2018_1116_1372,0.561906734443
2018_1116_1382,0.591144308548
2018_1116_1393,0.478588765347
2018_1116_1395,0.496344656328
2018_1116_1397,0.21063181637
2018_1116_1400,0.488844721486
2018_1116_1401,0.492617580967
2018_1116_1403,0.257067750395
2018_1116_1411,0.605709860907
2018_1116_1417,0.463486738863
2018_1116_1420,0.605709860907
2018_1116_1422,0.605709860907
2018_1116_1437,0.194027489981
2018_1116_1438,0.271600032638
2018_1116_1439,0.492396428306
2018_1116_1452,0.207400141174
2018_1116_1455,0.207400141174
2018_1116_1460,0.605709860907
2018_1116_1462,0.219951156198
2018_1120_1137,0.647513835966
2018_1120_1138,0.809065028796
2018_1120_1139,0.583474303529
2018_1120_1153,0.348124128255
2018_1120_1155,0.592021792299
2018_1120_1158,0.809065028796
2018_1120_1166,0.633558310399
2018_1120_1168,0.809065028796
2018_1120_1172,0.518092448506
2018_1120_1181,0.251722166693
2018_1120_1196,0.518092448506
2018_1120_1199,0.63751788703
2018_1120_1209,0.647513835966
2018_1120_1211,0.509712415591
2018_1120_1222,0.809065028796
2018_1120_1233,0.809065028796
2018_1120_1242,0.259775456954
2018_1120_1243,0.625879151928
2018_1120_1246,0.503276191694
2018_1120_1252,0.809065028796
2018_1120_1254,0.809065028796
2018_1120_1260,0.809065028796
2018_1120_1267,0.799525317519
2018_1120_1274,0.602330419122
2018_1120_1276,0.499011288686
2018_1120_1277,0.479259905673
2018_1120_1281,0.602330419122
2018_1120_1285,0.647513835966
2018_1120_1293,0.647513835966
2018_1120_1300,0.809065028796
2018_1120_1301,0.605709860907
2018_1120_1305,0.591144308548
2018_1120_1308,0.809065028796
2018_1120_1314,0.245662480327
2018_1120_1326,0.503276191694
2018_1120_1328,0.546933399061
2018_1120_1335,0.809065028796
2018_1120_1344,0.647513835966
2018_1120_1345,0.327206844712
2018_1120_1347,0.809065028796
2018_1120_1348,0.583474303529
2018_1120_1355,0.809065028796
2018_1120_1361,0.605709860907
2018_1120_1371,0.647513835966
2018_1120_1372,0.647513835966
2018_1120_1382,0.809065028796
2018_1120_1393,0.543429947354
2018_1120_1395,0.799525317519
2018_1120_1397,0.499011288686
2018_1120_1400,0.583474303529
2018_1120_1401,0.607879886201
2018_1120_1403,0.522062403601
2018_1120_1411,0.809065028796
2018_1120_1417,0.551165888476
2018_1120_1420,0.809065028796
2018_1120_1422,0.809065028796
2018_1120_1437,0.26868586692
2018_1120_1438,0.308720095783
2018_1120_1439,0.647513835966
2018_1120_1452,0.510157850055
2018_1120_1455,0.512377804168
2018_1120_1460,0.809065028796
2018_1120_1462,0.26868586692
2018_1137_1138,0.551443695182
2018_1137_1139,0.227296758206
2018_1137_1153,0.291259144239
2018_1137_1155,0.291259144239
2018_1137_1158,0.566386146678
2018_1137_1166,0.277080909954
2018_1137_1168,0.592021792299
2018_1137_1172,0.21063181637
2018_1137_1181,0.195453738868
2018_1137_1196,0.212147992486
2018_1137_1199,0.2789063992
2018_1137_1209,0.525291683305
2018_1137_1211,0.268519955989
2018_1137_1222,0.338314005023
2018_1137_1233,0.577303458264
2018_1137_1242,0.195453738868
2018_1137_1243,0.289385250789
2018_1137_1246,0.212147992486
2018_1137_1252,0.592021792299
2018_1137_1254,0.647513835966
2018_1137_1260,0.348124128255
2018_1137_1267,0.543213948822
2018_1137_1274,0.271600032638
2018_1137_1276,0.257067750395
2018_1137_1277,0.212147992486
2018_1137_1281,0.271600032638
2018_1137_1285,0.512377804168
2018_1137_1293,0.289385250789
2018_1137_1300,0.647513835966
2018_1137_1301,0.259775456954
2018_1137_1305,0.251722166693
2018_1137_1308,0.348124128255
2018_1137_1314,0.195453738868
2018_1137_1326,0.21063181637
2018_1137_1328,0.201992743253
2018_1137_1335,0.647513835966
2018_1137_1344,0.289385250789
2018_1137_1345,0.291259144239
2018_1137_1347,0.647513835966
2018_1137_1348,0.289385250789
2018_1137_1355,0.338314005023
2018_1137_1361,0.271600032638
2018_1137_1371,0.277080909954
2018_1137_1372,0.512377804168
2018_1137_1382,0.334497894791
2018_1137_1393,0.212147992486
2018_1137_1395,0.325145651537
2018_1137_1397,0.21909341732
2018_1137_1400,0.239772458003
2018_1137_1401,0.273403068684
2018_1137_1403,0.273403068684
2018_1137_1411,0.647513835966
2018_1137_1417,0.200730118102
2018_1137_1420,0.647513835966
2018_1137_1422,0.566386146678
2018_1137_1437,0.200530671519
2018_1137_1438,0.271600032638
2018_1137_1439,0.280518088282
2018_1137_1452,0.22889810739
2018_1137_1455,0.245662480327
2018_1137_1460,0.579469950572
2018_1137_1462,0.251722166693
2018_1138_1139,0.200730118102
2018_1138_1153,0.239772458003
2018_1138_1155,0.238118525371
2018_1138_1158,0.512377804168
2018_1138_1166,0.219951156198
2018_1138_1168,0.583474303529
2018_1138_1172,0.394913551505
2018_1138_1181,0.195453738868
2018_1138_1196,0.21063181637
2018_1138_1199,0.22889810739
2018_1138_1209,0.518092448506
2018_1138_1211,0.200530671519
2018_1138_1222,0.277080909954
2018_1138_1233,0.56867227009
2018_1138_1242,0.194027489981
2018_1138_1243,0.217541309617
2018_1138_1246,0.212147992486
2018_1138_1252,0.572860278942
2018_1138_1254,0.572860278942
2018_1138_1260,0.289385250789
2018_1138_1267,0.488923758144
2018_1138_1274,0.21063181637
2018_1138_1276,0.21063181637
2018_1138_1277,0.20219327623
2018_1138_1281,0.21063181637
2018_1138_1285,0.459241218542
2018_1138_1293,0.433249425089
2018_1138_1300,0.583474303529
2018_1138_1301,0.200730118102
2018_1138_1305,0.200530671519
2018_1138_1308,0.499011288686
2018_1138_1314,0.194027489981
2018_1138_1326,0.21063181637
2018_1138_1328,0.194027489981
2018_1138_1335,0.583474303529
2018_1138_1344,0.238118525371
2018_1138_1345,0.207400141174
2018_1138_1347,0.583474303529
2018_1138_1348,0.289385250789
2018_1138_1355,0.483862854191
2018_1138_1361,0.21063181637
2018_1138_1371,0.227296758206
2018_1138_1372,0.459241218542
2018_1138_1382,0.277080909954
2018_1138_1393,0.212147992486
2018_1138_1395,0.26868586692
2018_1138_1397,0.21063181637
2018_1138_1400,0.212147992486
2018_1138_1401,0.21909341732
2018_1138_1403,0.21063181637
2018_1138_1411,0.583474303529
2018_1138_1417,0.200730118102
2018_1138_1420,0.583474303529
2018_1138_1422,0.512377804168
2018_1138_1437,0.194027489981
2018_1138_1438,0.21063181637
2018_1138_1439,0.227296758206
2018_1138_1452,0.20219327623
2018_1138_1455,0.200730118102
2018_1138_1460,0.525291683305
2018_1138_1462,0.194027489981
2018_1139_1153,0.350190939993
2018_1139_1155,0.350190939993
2018_1139_1158,0.809065028796
2018_1139_1166,0.325145651537
2018_1139_1168,0.809065028796
2018_1139_1172,0.518092448506
2018_1139_1181,0.253439156438
2018_1139_1196,0.239772458003
2018_1139_1199,0.553692317776
2018_1139_1209,0.649586889092
2018_1139_1211,0.289062141801
2018_1139_1222,0.536909333889
2018_1139_1233,0.799525317519
2018_1139_1242,0.253439156438
2018_1139_1243,0.543284218184
2018_1139_1246,0.273403068684
2018_1139_1252,0.802251289951
2018_1139_1254,0.799525317519
2018_1139_1260,0.769970968192
2018_1139_1267,0.794148075375
2018_1139_1274,0.307646747156
2018_1139_1276,0.289385250789
2018_1139_1277,0.261528179113
2018_1139_1281,0.307646747156
2018_1139_1285,0.647513835966
2018_1139_1293,0.649586889092
2018_1139_1300,0.809065028796
2018_1139_1301,0.506922256837
2018_1139_1305,0.287196655553
2018_1139_1308,0.809065028796
2018_1139_1314,0.23955901064
2018_1139_1326,0.273403068684
2018_1139_1328,0.466933231139
2018_1139_1335,0.809065028796
2018_1139_1344,0.579469950572
2018_1139_1345,0.315967400521
2018_1139_1347,0.809065028796
2018_1139_1348,0.289385250789
2018_1139_1355,0.799525317519
2018_1139_1361,0.548228328169
2018_1139_1371,0.334497894791
2018_1139_1372,0.647513835966
2018_1139_1382,0.759059678064
2018_1139_1393,0.48686667049
2018_1139_1395,0.526373986596
2018_1139_1397,0.291259144239
2018_1139_1400,0.514649899055
2018_1139_1401,0.310664455456
2018_1139_1403,0.310664455456
2018_1139_1411,0.809065028796
2018_1139_1417,0.488124432717
2018_1139_1420,0.809065028796
2018_1139_1422,0.809065028796
2018_1139_1437,0.270476740782
2018_1139_1438,0.308720095783
2018_1139_1439,0.334497894791
2018_1139_1452,0.270476740782
2018_1139_1455,0.277080909954
2018_1139_1460,0.809065028796
2018_1139_1462,0.26868586692
2018_1153_1155,0.583474303529
2018_1153_1158,0.633558310399
2018_1153_1166,0.558265014922
2018_1153_1168,0.647513835966
2018_1153_1172,0.463486738863
2018_1153_1181,0.383160036632
2018_1153_1196,0.463486738863
2018_1153_1199,0.558265014922
2018_1153_1209,0.56867227009
2018_1153_1211,0.55581246738
2018_1153_1222,0.623680617157
2018_1153_1233,0.623680617157
2018_1153_1242,0.370602478656
2018_1153_1243,0.583474303529
2018_1153_1246,0.463486738863
2018_1153_1252,0.633558310399
2018_1153_1254,0.633558310399
2018_1153_1260,0.647513835966
2018_1153_1267,0.623680617157
2018_1153_1274,0.561906734443
2018_1153_1276,0.469473861931
2018_1153_1277,0.395458362407
2018_1153_1281,0.551165888476
2018_1153_1285,0.583474303529
2018_1153_1293,0.572860278942
2018_1153_1300,0.647513835966
2018_1153_1301,0.536429201764
2018_1153_1305,0.536429201764
2018_1153_1308,0.633558310399
2018_1153_1314,0.383160036632
2018_1153_1326,0.463486738863
2018_1153_1328,0.463177509826
2018_1153_1335,0.647513835966
2018_1153_1344,0.56867227009
2018_1153_1345,0.486651358749
2018_1153_1347,0.647513835966
2018_1153_1348,0.56867227009
2018_1153_1355,0.623680617157
2018_1153_1361,0.546933399061
2018_1153_1371,0.558265014922
2018_1153_1372,0.56867227009
2018_1153_1382,0.623680617157
2018_1153_1393,0.478588765347
2018_1153_1395,0.623680617157
2018_1153_1397,0.415555951597
2018_1153_1400,0.507219452889
2018_1153_1401,0.546933399061
2018_1153_1403,0.488124432717
2018_1153_1411,0.633558310399
2018_1153_1417,0.452982837863
2018_1153_1420,0.647513835966
2018_1153_1422,0.647513835966
2018_1153_1437,0.380231859694
2018_1153_1438,0.476990501858
2018_1153_1439,0.558265014922
2018_1153_1452,0.492368796131
2018_1153_1455,0.51779999256
2018_1153_1460,0.647513835966
2018_1153_1462,0.45139605692
2018_1155_1158,0.623680617157
2018_1155_1166,0.558265014922
2018_1155_1168,0.647513835966
2018_1155_1172,0.452982837863
2018_1155_1181,0.194027489981
2018_1155_1196,0.395458362407
2018_1155_1199,0.558265014922
2018_1155_1209,0.558265014922
2018_1155_1211,0.47082741989
2018_1155_1222,0.566945868634
2018_1155_1233,0.623680617157
2018_1155_1242,0.194027489981
2018_1155_1243,0.56867227009
2018_1155_1246,0.383160036632
2018_1155_1252,0.623680617157
2018_1155_1254,0.623680617157
2018_1155_1260,0.647513835966
2018_1155_1267,0.625812837893
2018_1155_1274,0.488124432717
2018_1155_1276,0.245662480327
2018_1155_1277,0.195453738868
2018_1155_1281,0.546933399061
2018_1155_1285,0.583474303529
2018_1155_1293,0.56867227009
2018_1155_1300,0.633558310399
2018_1155_1301,0.536429201764
2018_1155_1305,0.536429201764
2018_1155_1308,0.623680617157
2018_1155_1314,0.194027489981
2018_1155_1326,0.393208692365
2018_1155_1328,0.463177509826
2018_1155_1335,0.633558310399
2018_1155_1344,0.56867227009
2018_1155_1345,0.26868586692
2018_1155_1347,0.647513835966
2018_1155_1348,0.56867227009
2018_1155_1355,0.623680617157
2018_1155_1361,0.536429201764
2018_1155_1371,0.558265014922
2018_1155_1372,0.558265014922
2018_1155_1382,0.623680617157
2018_1155_1393,0.478588765347
2018_1155_1395,0.566945868634
2018_1155_1397,0.200530671519
2018_1155_1400,0.502946277355
2018_1155_1401,0.538690126958
2018_1155_1403,0.251722166693
2018_1155_1411,0.633558310399
2018_1155_1417,0.452982837863
2018_1155_1420,0.647513835966
2018_1155_1422,0.633558310399
2018_1155_1437,0.200530671519
2018_1155_1438,0.263076083201
2018_1155_1439,0.558265014922
2018_1155_1452,0.421149074635
2018_1155_1455,0.432961833443
2018_1155_1460,0.647513835966
2018_1155_1462,0.251722166693
2018_1158_1166,0.219951156198
2018_1158_1168,0.583474303529
2018_1158_1172,0.380524965658
2018_1158_1181,0.195453738868
2018_1158_1196,0.200730118102
2018_1158_1199,0.221515590036
2018_1158_1209,0.502946277355
2018_1158_1211,0.200530671519
2018_1158_1222,0.26868586692
2018_1158_1233,0.558265014922
2018_1158_1242,0.194027489981
2018_1158_1243,0.217541309617
2018_1158_1246,0.20219327623
2018_1158_1252,0.558265014922
2018_1158_1254,0.558265014922
2018_1158_1260,0.289385250789
2018_1158_1267,0.488923758144
2018_1158_1274,0.203486764848
2018_1158_1276,0.200730118102
2018_1158_1277,0.195453738868
2018_1158_1281,0.200730118102
2018_1158_1285,0.459241218542
2018_1158_1293,0.41842996842
2018_1158_1300,0.583474303529
2018_1158_1301,0.194027489981
2018_1158_1305,0.200530671519
2018_1158_1308,0.483862854191
2018_1158_1314,0.194027489981
2018_1158_1326,0.200730118102
2018_1158_1328,0.194027489981
2018_1158_1335,0.583474303529
2018_1158_1344,0.227296758206
2018_1158_1345,0.200530671519
2018_1158_1347,0.583474303529
2018_1158_1348,0.277080909954
2018_1158_1355,0.473304549148
2018_1158_1361,0.200730118102
2018_1158_1371,0.219951156198
2018_1158_1372,0.444229563753
2018_1158_1382,0.26868586692
2018_1158_1393,0.212147992486
2018_1158_1395,0.26868586692
2018_1158_1397,0.200730118102
2018_1158_1400,0.204964863843
2018_1158_1401,0.20889921112
2018_1158_1403,0.200730118102
2018_1158_1411,0.56867227009
2018_1158_1417,0.194027489981
2018_1158_1420,0.583474303529
2018_1158_1422,0.512377804168
2018_1158_1437,0.194027489981
2018_1158_1438,0.21063181637
2018_1158_1439,0.219951156198
2018_1158_1452,0.195453738868
2018_1158_1455,0.194027489981
2018_1158_1460,0.525291683305
2018_1158_1462,0.194027489981
2018_1166_1168,0.649586889092
2018_1166_1172,0.478588765347
2018_1166_1181,0.195453738868
2018_1166_1196,0.212147992486
2018_1166_1199,0.516700436268
2018_1166_1209,0.585682997381
2018_1166_1211,0.268519955989
2018_1166_1222,0.348124128255
2018_1166_1233,0.647513835966
2018_1166_1242,0.20219327623
2018_1166_1243,0.525291683305
2018_1166_1246,0.212147992486
2018_1166_1252,0.647513835966
2018_1166_1254,0.649586889092
2018_1166_1260,0.647513835966
2018_1166_1267,0.625812837893
2018_1166_1274,0.273403068684
2018_1166_1276,0.257067750395
2018_1166_1277,0.212147992486
2018_1166_1281,0.492617580967
2018_1166_1285,0.585682997381
2018_1166_1293,0.585682997381
2018_1166_1300,0.647513835966
2018_1166_1301,0.505549770441
2018_1166_1305,0.464155553647
2018_1166_1308,0.647513835966
2018_1166_1314,0.20219327623
2018_1166_1326,0.212147992486
2018_1166_1328,0.475981091366
2018_1166_1335,0.647513835966
2018_1166_1344,0.585682997381
2018_1166_1345,0.291259144239
2018_1166_1347,0.647513835966
2018_1166_1348,0.501285044354
2018_1166_1355,0.647513835966
2018_1166_1361,0.561906734443
2018_1166_1371,0.514649899055
2018_1166_1372,0.583474303529
2018_1166_1382,0.647513835966
2018_1166_1393,0.480858782
2018_1166_1395,0.336525571022
2018_1166_1397,0.21909341732
2018_1166_1400,0.520362841904
2018_1166_1401,0.479259905673
2018_1166_1403,0.273403068684
2018_1166_1411,0.649586889092
2018_1166_1417,0.465749108691
2018_1166_1420,0.647513835966
2018_1166_1422,0.647513835966
2018_1166_1437,0.201992743253
2018_1166_1438,0.273403068684
2018_1166_1439,0.512377804168
2018_1166_1452,0.22889810739
2018_1166_1455,0.250548004092
2018_1166_1460,0.647513835966
2018_1166_1462,0.251722166693
2018_1168_1172,0.194027489981
2018_1168_1181,0.195453738868
2018_1168_1196,0.194027489981
2018_1168_1199,0.221515590036
2018_1168_1209,0.421149074635
2018_1168_1211,0.201992743253
2018_1168_1222,0.26868586692
2018_1168_1233,0.486651358749
2018_1168_1242,0.194027489981
2018_1168_1243,0.200530671519
2018_1168_1246,0.195453738868
2018_1168_1252,0.486651358749
2018_1168_1254,0.499581140026
2018_1168_1260,0.277080909954
2018_1168_1267,0.270476740782
2018_1168_1274,0.194027489981
2018_1168_1276,0.194027489981
2018_1168_1277,0.195453738868
2018_1168_1281,0.194027489981
2018_1168_1285,0.41842996842
2018_1168_1293,0.219951156198
2018_1168_1300,0.499581140026
2018_1168_1301,0.194027489981
2018_1168_1305,0.200530671519
2018_1168_1308,0.26868586692
2018_1168_1314,0.194027489981
2018_1168_1326,0.194027489981
2018_1168_1328,0.194027489981
2018_1168_1335,0.499581140026
2018_1168_1344,0.219951156198
2018_1168_1345,0.200530671519
2018_1168_1347,0.51442888376
2018_1168_1348,0.26868586692
2018_1168_1355,0.26868586692
2018_1168_1361,0.194027489981
2018_1168_1371,0.219951156198
2018_1168_1372,0.408170334446
2018_1168_1382,0.26868586692
2018_1168_1393,0.20219327623
2018_1168_1395,0.26868586692
2018_1168_1397,0.194027489981
2018_1168_1400,0.195453738868
2018_1168_1401,0.201992743253
2018_1168_1403,0.194027489981
2018_1168_1411,0.499581140026
2018_1168_1417,0.194027489981
2018_1168_1420,0.525291683305
2018_1168_1422,0.26868586692
2018_1168_1437,0.194027489981
2018_1168_1438,0.194027489981
2018_1168_1439,0.219951156198
2018_1168_1452,0.195453738868
2018_1168_1455,0.194027489981
2018_1168_1460,0.483862854191
2018_1168_1462,0.194027489981
2018_1172_1181,0.286167160962
2018_1172_1196,0.2789063992
2018_1172_1199,0.528640860602
2018_1172_1209,0.800979141565
2018_1172_1211,0.352833646595
2018_1172_1222,0.526373986596
2018_1172_1233,0.79265726842
2018_1172_1242,0.270476740782
2018_1172_1243,0.374543663219
2018_1172_1246,0.294888159489
2018_1172_1252,0.799525317519
2018_1172_1254,0.799525317519
2018_1172_1260,0.750810433602
2018_1172_1267,0.75293244962
2018_1172_1274,0.356725647792
2018_1172_1276,0.340893388667
2018_1172_1277,0.2789063992
2018_1172_1281,0.346802087359
2018_1172_1285,0.81046607167
2018_1172_1293,0.754357454621
2018_1172_1300,0.809065028796
2018_1172_1301,0.352833646595
2018_1172_1305,0.352833646595
2018_1172_1308,0.749472195638
2018_1172_1314,0.270476740782
2018_1172_1326,0.297834555006
2018_1172_1328,0.289062141801
2018_1172_1335,0.809065028796
2018_1172_1344,0.539169929066
2018_1172_1345,0.362554435394
2018_1172_1347,0.809065028796
2018_1172_1348,0.2789063992
2018_1172_1355,0.74144391312
2018_1172_1361,0.579574628379
2018_1172_1371,0.528640860602
2018_1172_1372,0.799525317519
2018_1172_1382,0.731060681009
2018_1172_1393,0.501285044354
2018_1172_1395,0.528640860602
2018_1172_1397,0.315967400521
2018_1172_1400,0.350190939993
2018_1172_1401,0.362554435394
2018_1172_1403,0.362554435394
2018_1172_1411,0.800979141565
2018_1172_1417,0.498618354507
2018_1172_1420,0.809065028796
2018_1172_1422,0.769970968192
2018_1172_1437,0.30689433429
2018_1172_1438,0.376676692672
2018_1172_1439,0.526373986596
2018_1172_1452,0.327144504214
2018_1172_1455,0.331451390245
2018_1172_1460,0.809065028796
2018_1172_1462,0.331451390245
2018_1181_1196,0.561906734443
2018_1181_1199,0.673190454704
2018_1181_1209,0.673190454704
2018_1181_1211,0.640171443282
2018_1181_1222,0.809065028796
2018_1181_1233,0.809065028796
2018_1181_1242,0.483862854191
2018_1181_1243,0.673190454704
2018_1181_1246,0.583474303529
2018_1181_1252,0.809065028796
2018_1181_1254,0.809065028796
2018_1181_1260,0.809065028796
2018_1181_1267,0.799525317519
2018_1181_1274,0.647513835966
2018_1181_1276,0.569246935041
2018_1181_1277,0.525291683305
2018_1181_1281,0.647513835966
2018_1181_1285,0.673190454704
2018_1181_1293,0.673190454704
2018_1181_1300,0.809065028796
2018_1181_1301,0.654012652852
2018_1181_1305,0.640171443282
2018_1181_1308,0.809065028796
2018_1181_1314,0.501499932653
2018_1181_1326,0.583474303529
2018_1181_1328,0.591860784704
2018_1181_1335,0.809065028796
2018_1181_1344,0.673190454704
2018_1181_1345,0.607095562133
2018_1181_1347,0.809065028796
2018_1181_1348,0.583474303529
2018_1181_1355,0.809065028796
2018_1181_1361,0.654012652852
2018_1181_1371,0.673190454704
2018_1181_1372,0.673190454704
2018_1181_1382,0.809065028796
2018_1181_1393,0.583474303529
2018_1181_1395,0.799525317519
2018_1181_1397,0.548228328169
2018_1181_1400,0.605709860907
2018_1181_1401,0.654012652852
2018_1181_1403,0.598909973871
2018_1181_1411,0.809065028796
2018_1181_1417,0.583474303529
2018_1181_1420,0.809065028796
2018_1181_1422,0.809065028796
2018_1181_1437,0.496344656328
2018_1181_1438,0.573395263937
2018_1181_1439,0.673190454704
2018_1181_1452,0.605709860907
2018_1181_1455,0.625879151928
2018_1181_1460,0.809065028796
2018_1181_1462,0.551443695182
2018_1196_1199,0.79265726842
2018_1196_1209,0.799525317519
2018_1196_1211,0.350759656879
2018_1196_1222,0.749472195638
2018_1196_1233,0.79265726842
2018_1196_1242,0.26868586692
2018_1196_1243,0.673190454704
2018_1196_1246,0.503390307173
2018_1196_1252,0.799525317519
2018_1196_1254,0.799525317519
2018_1196_1260,0.809065028796
2018_1196_1267,0.794148075375
2018_1196_1274,0.586422008311
2018_1196_1276,0.34474466538
2018_1196_1277,0.2789063992
2018_1196_1281,0.654012652852
2018_1196_1285,0.809065028796
2018_1196_1293,0.809065028796
2018_1196_1300,0.809065028796
2018_1196_1301,0.650155346867
2018_1196_1305,0.594818937082
2018_1196_1308,0.799525317519
2018_1196_1314,0.26868586692
2018_1196_1326,0.511194471329
2018_1196_1328,0.580879647372
2018_1196_1335,0.809065028796
2018_1196_1344,0.802251289951
2018_1196_1345,0.360455131323
2018_1196_1347,0.809065028796
2018_1196_1348,0.51442888376
2018_1196_1355,0.799525317519
2018_1196_1361,0.659717274484
2018_1196_1371,0.79265726842
2018_1196_1372,0.799525317519
2018_1196_1382,0.79265726842
2018_1196_1393,0.583474303529
2018_1196_1395,0.74144391312
2018_1196_1397,0.314004969712
2018_1196_1400,0.647513835966
2018_1196_1401,0.607145818454
2018_1196_1403,0.360455131323
2018_1196_1411,0.802251289951
2018_1196_1417,0.580879647372
2018_1196_1420,0.809065028796
2018_1196_1422,0.809065028796
2018_1196_1437,0.304963131768
2018_1196_1438,0.374543663219
2018_1196_1439,0.799525317519
2018_1196_1452,0.540956301759
2018_1196_1455,0.331451390245
2018_1196_1460,0.809065028796
2018_1196_1462,0.331451390245
2018_1199_1209,0.583474303529
2018_1199_1211,0.266737301131
2018_1199_1222,0.348124128255
2018_1199_1233,0.633558310399
2018_1199_1242,0.194027489981
2018_1199_1243,0.512377804168
2018_1199_1246,0.21063181637
2018_1199_1252,0.647513835966
2018_1199_1254,0.647513835966
2018_1199_1260,0.647513835966
2018_1199_1267,0.623680617157
2018_1199_1274,0.271600032638
2018_1199_1276,0.257067750395
2018_1199_1277,0.212147992486
2018_1199_1281,0.476990501858
2018_1199_1285,0.583474303529
2018_1199_1293,0.583474303529
2018_1199_1300,0.647513835966
2018_1199_1301,0.475209588723
2018_1199_1305,0.251722166693
2018_1199_1308,0.647513835966
2018_1199_1314,0.194027489981
2018_1199_1326,0.21063181637
2018_1199_1328,0.405317674183
2018_1199_1335,0.647513835966
2018_1199_1344,0.525291683305
2018_1199_1345,0.289385250789
2018_1199_1347,0.647513835966
2018_1199_1348,0.289385250789
2018_1199_1355,0.647513835966
2018_1199_1361,0.561906734443
2018_1199_1371,0.483862854191
2018_1199_1372,0.583474303529
2018_1199_1382,0.633558310399
2018_1199_1393,0.478588765347
2018_1199_1395,0.325145651537
2018_1199_1397,0.217541309617
2018_1199_1400,0.459241218542
2018_1199_1401,0.271600032638
2018_1199_1403,0.271600032638
2018_1199_1411,0.647513835966
2018_1199_1417,0.463486738863
2018_1199_1420,0.647513835966
2018_1199_1422,0.647513835966
2018_1199_1437,0.200530671519
2018_1199_1438,0.271600032638
2018_1199_1439,0.499011288686
2018_1199_1452,0.227296758206
2018_1199_1455,0.245662480327
2018_1199_1460,0.647513835966
2018_1199_1462,0.251722166693
2018_1209_1211,0.266737301131
2018_1209_1222,0.334497894791
2018_1209_1233,0.5542034755
2018_1209_1242,0.194027489981
2018_1209_1243,0.289385250789
2018_1209_1246,0.200730118102
2018_1209_1252,0.564631795853
2018_1209_1254,0.577303458264
2018_1209_1260,0.348124128255
2018_1209_1267,0.327144504214
2018_1209_1274,0.271600032638
2018_1209_1276,0.248844072509
2018_1209_1277,0.20219327623
2018_1209_1281,0.271600032638
2018_1209_1285,0.499011288686
2018_1209_1293,0.289385250789
2018_1209_1300,0.592021792299
2018_1209_1301,0.251722166693
2018_1209_1305,0.251722166693
2018_1209_1308,0.334497894791
2018_1209_1314,0.194027489981
2018_1209_1326,0.203486764848
2018_1209_1328,0.200530671519
2018_1209_1335,0.592021792299
2018_1209_1344,0.289385250789
2018_1209_1345,0.277080909954
2018_1209_1347,0.592021792299
2018_1209_1348,0.289385250789
2018_1209_1355,0.334497894791
2018_1209_1361,0.259775456954
2018_1209_1371,0.26868586692
2018_1209_1372,0.483862854191
2018_1209_1382,0.325145651537
2018_1209_1393,0.212147992486
2018_1209_1395,0.325145651537
2018_1209_1397,0.207400141174
2018_1209_1400,0.238118525371
2018_1209_1401,0.261528179113
2018_1209_1403,0.259775456954
2018_1209_1411,0.592021792299
2018_1209_1417,0.194027489981
2018_1209_1420,0.592021792299
2018_1209_1422,0.348124128255
2018_1209_1437,0.200530671519
2018_1209_1438,0.271600032638
2018_1209_1439,0.277080909954
2018_1209_1452,0.221515590036
2018_1209_1455,0.237906089596
2018_1209_1460,0.566386146678
2018_1209_1462,0.251722166693
2018_1211_1222,0.654012652852
2018_1211_1233,0.654012652852
2018_1211_1242,0.203486764848
2018_1211_1243,0.583474303529
2018_1211_1246,0.430348940996
2018_1211_1252,0.654012652852
2018_1211_1254,0.654012652852
2018_1211_1260,0.654012652852
2018_1211_1267,0.642263821512
2018_1211_1274,0.561906734443
2018_1211_1276,0.476990501858
2018_1211_1277,0.397088937467
2018_1211_1281,0.561906734443
2018_1211_1285,0.583474303529
2018_1211_1293,0.583474303529
2018_1211_1300,0.654012652852
2018_1211_1301,0.583474303529
2018_1211_1305,0.572860278942
2018_1211_1308,0.654012652852
2018_1211_1314,0.21063181637
2018_1211_1326,0.430348940996
2018_1211_1328,0.518092448506
2018_1211_1335,0.654012652852
2018_1211_1344,0.583474303529
2018_1211_1345,0.289385250789
2018_1211_1347,0.654012652852
2018_1211_1348,0.583474303529
2018_1211_1355,0.654012652852
2018_1211_1361,0.583474303529
2018_1211_1371,0.583474303529
2018_1211_1372,0.583474303529
2018_1211_1382,0.654012652852
2018_1211_1393,0.478588765347
2018_1211_1395,0.644099703304
2018_1211_1397,0.458384386816
2018_1211_1400,0.561906734443
2018_1211_1401,0.585682997381
2018_1211_1403,0.499011288686
2018_1211_1411,0.654012652852
2018_1211_1417,0.518092448506
2018_1211_1420,0.654012652852
2018_1211_1422,0.654012652852
2018_1211_1437,0.237906089596
2018_1211_1438,0.289385250789
2018_1211_1439,0.583474303529
2018_1211_1452,0.503276191694
2018_1211_1455,0.490344485154
2018_1211_1460,0.654012652852
2018_1211_1462,0.259775456954
2018_1222_1233,0.56867227009
2018_1222_1242,0.195453738868
2018_1222_1243,0.488844721486
2018_1222_1246,0.386717553378
2018_1222_1252,0.56867227009
2018_1222_1254,0.56867227009
2018_1222_1260,0.583474303529
2018_1222_1267,0.560506695391
2018_1222_1274,0.407761188904
2018_1222_1276,0.21063181637
2018_1222_1277,0.20219327623
2018_1222_1281,0.478588765347
2018_1222_1285,0.518092448506
2018_1222_1293,0.518092448506
2018_1222_1300,0.583474303529
2018_1222_1301,0.463486738863
2018_1222_1305,0.405317674183
2018_1222_1308,0.583474303529
2018_1222_1314,0.195453738868
2018_1222_1326,0.394913551505
2018_1222_1328,0.45523744061
2018_1222_1335,0.583474303529
2018_1222_1344,0.518092448506
2018_1222_1345,0.20889921112
2018_1222_1347,0.583474303529
2018_1222_1348,0.525291683305
2018_1222_1355,0.56867227009
2018_1222_1361,0.467740142576
2018_1222_1371,0.502946277355
2018_1222_1372,0.518092448506
2018_1222_1382,0.56867227009
2018_1222_1393,0.480858782
2018_1222_1395,0.486651358749
2018_1222_1397,0.204964863843
2018_1222_1400,0.480858782
2018_1222_1401,0.432579976226
2018_1222_1403,0.204964863843
2018_1222_1411,0.583474303529
2018_1222_1417,0.452982837863
2018_1222_1420,0.583474303529
2018_1222_1422,0.583474303529
2018_1222_1437,0.194027489981
2018_1222_1438,0.21063181637
2018_1222_1439,0.502946277355
2018_1222_1452,0.372726438662
2018_1222_1455,0.200730118102
2018_1222_1460,0.583474303529
2018_1222_1462,0.194027489981
2018_1233_1242,0.195453738868
2018_1233_1243,0.217541309617
2018_1233_1246,0.212147992486
2018_1233_1252,0.512377804168
2018_1233_1254,0.525291683305
2018_1233_1260,0.289385250789
2018_1233_1267,0.270476740782
2018_1233_1274,0.21063181637
2018_1233_1276,0.21063181637
2018_1233_1277,0.204964863843
2018_1233_1281,0.21063181637
2018_1233_1285,0.433249425089
2018_1233_1293,0.238118525371
2018_1233_1300,0.525291683305
2018_1233_1301,0.200730118102
2018_1233_1305,0.200530671519
2018_1233_1308,0.289385250789
2018_1233_1314,0.195453738868
2018_1233_1326,0.21063181637
2018_1233_1328,0.195453738868
2018_1233_1335,0.525291683305
2018_1233_1344,0.238118525371
2018_1233_1345,0.21173832486
2018_1233_1347,0.525291683305
2018_1233_1348,0.289385250789
2018_1233_1355,0.277080909954
2018_1233_1361,0.21063181637
2018_1233_1371,0.227296758206
2018_1233_1372,0.433249425089
2018_1233_1382,0.277080909954
2018_1233_1393,0.212147992486
2018_1233_1395,0.26868586692
2018_1233_1397,0.212147992486
2018_1233_1400,0.212147992486
2018_1233_1401,0.21909341732
2018_1233_1403,0.212147992486
2018_1233_1411,0.525291683305
2018_1233_1417,0.200730118102
2018_1233_1420,0.525291683305
2018_1233_1422,0.289385250789
2018_1233_1437,0.194027489981
2018_1233_1438,0.21063181637
2018_1233_1439,0.227296758206
2018_1233_1452,0.20219327623
2018_1233_1455,0.200730118102
2018_1233_1460,0.499011288686
2018_1233_1462,0.194027489981
2018_1242_1243,0.673190454704
2018_1242_1246,0.583474303529
2018_1242_1252,0.809065028796
2018_1242_1254,0.809065028796
2018_1242_1260,0.809065028796
2018_1242_1267,0.800979141565
2018_1242_1274,0.647513835966
2018_1242_1276,0.625879151928
2018_1242_1277,0.585682997381
2018_1242_1281,0.647513835966
2018_1242_1285,0.673190454704
2018_1242_1293,0.673190454704
2018_1242_1300,0.809065028796
2018_1242_1301,0.654012652852
2018_1242_1305,0.640171443282
2018_1242_1308,0.809065028796
2018_1242_1314,0.510157850055
2018_1242_1326,0.583474303529
2018_1242_1328,0.587724998611
2018_1242_1335,0.809065028796
2018_1242_1344,0.673190454704
2018_1242_1345,0.619364471272
2018_1242_1347,0.809065028796
2018_1242_1348,0.583474303529
2018_1242_1355,0.809065028796
2018_1242_1361,0.654012652852
2018_1242_1371,0.673190454704
2018_1242_1372,0.673190454704
2018_1242_1382,0.809065028796
2018_1242_1393,0.585682997381
2018_1242_1395,0.799525317519
2018_1242_1397,0.605709860907
2018_1242_1400,0.605709860907
2018_1242_1401,0.656067786347
2018_1242_1403,0.654012652852
2018_1242_1411,0.809065028796
2018_1242_1417,0.602330419122
2018_1242_1420,0.809065028796
2018_1242_1422,0.809065028796
2018_1242_1437,0.509712415591
2018_1242_1438,0.586422008311
2018_1242_1439,0.673190454704
2018_1242_1452,0.605709860907
2018_1242_1455,0.625879151928
2018_1242_1460,0.809065028796
2018_1242_1462,0.564631795853
2018_1243_1246,0.195453738868
2018_1243_1252,0.630368009882
2018_1243_1254,0.630368009882
2018_1243_1260,0.654012652852
2018_1243_1267,0.632484667722
2018_1243_1274,0.261528179113
2018_1243_1276,0.251722166693
2018_1243_1277,0.195453738868
2018_1243_1281,0.453649311631
2018_1243_1285,0.585682997381
2018_1243_1293,0.560506695391
2018_1243_1300,0.640171443282
2018_1243_1301,0.48416858936
2018_1243_1305,0.26868586692
2018_1243_1308,0.630368009882
2018_1243_1314,0.195453738868
2018_1243_1326,0.195453738868
2018_1243_1328,0.407511773583
2018_1243_1335,0.640171443282
2018_1243_1344,0.499581140026
2018_1243_1345,0.270476740782
2018_1243_1347,0.654012652852
2018_1243_1348,0.26868586692
2018_1243_1355,0.630368009882
2018_1243_1361,0.55581246738
2018_1243_1371,0.473304549148
2018_1243_1372,0.558265014922
2018_1243_1382,0.630368009882
2018_1243_1393,0.480858782
2018_1243_1395,0.331451390245
2018_1243_1397,0.221515590036
2018_1243_1400,0.471739760026
2018_1243_1401,0.270476740782
2018_1243_1403,0.268519955989
2018_1243_1411,0.630368009882
2018_1243_1417,0.463177509826
2018_1243_1420,0.654012652852
2018_1243_1422,0.640171443282
2018_1243_1437,0.221515590036
2018_1243_1438,0.2789063992
2018_1243_1439,0.473304549148
2018_1243_1452,0.23955901064
2018_1243_1455,0.251722166693
2018_1243_1460,0.654012652852
2018_1243_1462,0.251722166693
2018_1246_1252,0.799525317519
2018_1246_1254,0.799525317519
2018_1246_1260,0.809065028796
2018_1246_1267,0.79265726842
2018_1246_1274,0.592021792299
2018_1246_1276,0.317698895581
2018_1246_1277,0.2789063992
2018_1246_1281,0.647513835966
2018_1246_1285,0.673190454704
2018_1246_1293,0.673190454704
2018_1246_1300,0.809065028796
2018_1246_1301,0.630368009882
2018_1246_1305,0.630368009882
2018_1246_1308,0.799525317519
2018_1246_1314,0.26868586692
2018_1246_1326,0.501499932653
2018_1246_1328,0.577435856613
2018_1246_1335,0.809065028796
2018_1246_1344,0.663544299723
2018_1246_1345,0.360455131323
2018_1246_1347,0.809065028796
2018_1246_1348,0.572860278942
2018_1246_1355,0.799525317519
2018_1246_1361,0.640171443282
2018_1246_1371,0.650155346867
2018_1246_1372,0.659717274484
2018_1246_1382,0.79265726842
2018_1246_1393,0.583474303529
2018_1246_1395,0.751236653993
2018_1246_1397,0.295936021283
2018_1246_1400,0.605709860907
2018_1246_1401,0.642263821512
2018_1246_1403,0.340893388667
2018_1246_1411,0.802251289951
2018_1246_1417,0.558265014922
2018_1246_1420,0.809065028796
2018_1246_1422,0.809065028796
2018_1246_1437,0.287196655553
2018_1246_1438,0.354641317216
2018_1246_1439,0.659717274484
2018_1246_1452,0.509712415591
2018_1246_1455,0.51765334386
2018_1246_1460,0.809065028796
2018_1246_1462,0.325145651537
2018_1252_1254,0.512430445775
2018_1252_1260,0.289385250789
2018_1252_1267,0.270476740782
2018_1252_1274,0.212147992486
2018_1252_1276,0.21063181637
2018_1252_1277,0.20219327623
2018_1252_1281,0.212147992486
2018_1252_1285,0.435484001867
2018_1252_1293,0.239772458003
2018_1252_1300,0.525291683305
2018_1252_1301,0.195453738868
2018_1252_1305,0.201992743253
2018_1252_1308,0.280518088282
2018_1252_1314,0.195453738868
2018_1252_1326,0.212147992486
2018_1252_1328,0.195453738868
2018_1252_1335,0.525291683305
2018_1252_1344,0.239772458003
2018_1252_1345,0.20889921112
2018_1252_1347,0.525291683305
2018_1252_1348,0.291259144239
2018_1252_1355,0.277080909954
2018_1252_1361,0.200730118102
2018_1252_1371,0.221515590036
2018_1252_1372,0.422595577081
2018_1252_1382,0.26868586692
2018_1252_1393,0.212147992486
2018_1252_1395,0.270476740782
2018_1252_1397,0.20219327623
2018_1252_1400,0.212147992486
2018_1252_1401,0.21173832486
2018_1252_1403,0.20219327623
2018_1252_1411,0.527559088076
2018_1252_1417,0.195453738868
2018_1252_1420,0.525291683305
2018_1252_1422,0.289385250789
2018_1252_1437,0.195453738868
2018_1252_1438,0.212147992486
2018_1252_1439,0.227296758206
2018_1252_1452,0.195453738868
2018_1252_1455,0.195453738868
2018_1252_1460,0.499011288686
2018_1252_1462,0.194027489981
2018_1254_1260,0.289385250789
2018_1254_1267,0.270476740782
2018_1254_1274,0.21063181637
2018_1254_1276,0.21063181637
2018_1254_1277,0.20219327623
2018_1254_1281,0.21063181637
2018_1254_1285,0.238118525371
2018_1254_1293,0.238118525371
2018_1254_1300,0.512377804168
2018_1254_1301,0.200730118102
2018_1254_1305,0.200530671519
2018_1254_1308,0.289385250789
2018_1254_1314,0.194027489981
2018_1254_1326,0.21063181637
2018_1254_1328,0.194027489981
2018_1254_1335,0.512377804168
2018_1254_1344,0.238118525371
2018_1254_1345,0.207400141174
2018_1254_1347,0.512377804168
2018_1254_1348,0.289385250789
2018_1254_1355,0.277080909954
2018_1254_1361,0.200730118102
2018_1254_1371,0.219951156198
2018_1254_1372,0.238118525371
2018_1254_1382,0.277080909954
2018_1254_1393,0.212147992486
2018_1254_1395,0.26868586692
2018_1254_1397,0.20219327623
2018_1254_1400,0.212147992486
2018_1254_1401,0.21173832486
2018_1254_1403,0.20219327623
2018_1254_1411,0.512377804168
2018_1254_1417,0.194027489981
2018_1254_1420,0.512377804168
2018_1254_1422,0.289385250789
2018_1254_1437,0.194027489981
2018_1254_1438,0.21063181637
2018_1254_1439,0.227296758206
2018_1254_1452,0.195453738868
2018_1254_1455,0.194027489981
2018_1254_1460,0.289385250789
2018_1254_1462,0.194027489981
2018_1260_1267,0.560506695391
2018_1260_1274,0.194027489981
2018_1260_1276,0.194027489981
2018_1260_1277,0.195453738868
2018_1260_1281,0.194027489981
2018_1260_1285,0.492368796131
2018_1260_1293,0.43380920632
2018_1260_1300,0.558265014922
2018_1260_1301,0.194027489981
2018_1260_1305,0.200530671519
2018_1260_1308,0.499581140026
2018_1260_1314,0.195453738868
2018_1260_1326,0.194027489981
2018_1260_1328,0.372726438662
2018_1260_1335,0.558265014922
2018_1260_1344,0.408170334446
2018_1260_1345,0.201992743253
2018_1260_1347,0.56867227009
2018_1260_1348,0.26868586692
2018_1260_1355,0.499581140026
2018_1260_1361,0.383160036632
2018_1260_1371,0.219951156198
2018_1260_1372,0.492368796131
2018_1260_1382,0.486651358749
2018_1260_1393,0.395380823593
2018_1260_1395,0.26868586692
2018_1260_1397,0.195453738868
2018_1260_1400,0.372726438662
2018_1260_1401,0.201992743253
2018_1260_1403,0.195453738868
2018_1260_1411,0.558265014922
2018_1260_1417,0.383160036632
2018_1260_1420,0.56867227009
2018_1260_1422,0.558265014922
2018_1260_1437,0.194027489981
2018_1260_1438,0.194027489981
2018_1260_1439,0.219951156198
2018_1260_1452,0.195453738868
2018_1260_1455,0.194027489981
2018_1260_1460,0.56867227009
2018_1260_1462,0.194027489981
2018_1267_1274,0.21063181637
2018_1267_1276,0.21063181637
2018_1267_1277,0.21063181637
2018_1267_1281,0.21063181637
2018_1267_1285,0.459241218542
2018_1267_1293,0.433249425089
2018_1267_1300,0.583474303529
2018_1267_1301,0.21063181637
2018_1267_1305,0.207400141174
2018_1267_1308,0.499011288686
2018_1267_1314,0.203486764848
2018_1267_1326,0.21063181637
2018_1267_1328,0.200730118102
2018_1267_1335,0.583474303529
2018_1267_1344,0.238118525371
2018_1267_1345,0.217541309617
2018_1267_1347,0.583474303529
2018_1267_1348,0.551942559592
2018_1267_1355,0.499011288686
2018_1267_1361,0.21063181637
2018_1267_1371,0.238118525371
2018_1267_1372,0.459241218542
2018_1267_1382,0.289385250789
2018_1267_1393,0.21063181637
2018_1267_1395,0.277080909954
2018_1267_1397,0.21063181637
2018_1267_1400,0.21063181637
2018_1267_1401,0.217541309617
2018_1267_1403,0.21063181637
2018_1267_1411,0.583474303529
2018_1267_1417,0.21063181637
2018_1267_1420,0.583474303529
2018_1267_1422,0.512377804168
2018_1267_1437,0.194027489981
2018_1267_1438,0.21063181637
2018_1267_1439,0.238118525371
2018_1267_1452,0.21063181637
2018_1267_1455,0.21063181637
2018_1267_1460,0.525291683305
2018_1267_1462,0.200730118102
2018_1274_1276,0.277080909954
2018_1274_1277,0.221515590036
2018_1274_1281,0.56867227009
2018_1274_1285,0.605709860907
2018_1274_1293,0.591144308548
2018_1274_1300,0.659717274484
2018_1274_1301,0.558265014922
2018_1274_1305,0.519104945486
2018_1274_1308,0.650155346867
2018_1274_1314,0.219951156198
2018_1274_1326,0.443377775781
2018_1274_1328,0.536429201764
2018_1274_1335,0.659717274484
2018_1274_1344,0.591144308548
2018_1274_1345,0.287196655553
2018_1274_1347,0.673190454704
2018_1274_1348,0.510157850055
2018_1274_1355,0.650155346867
2018_1274_1361,0.558265014922
2018_1274_1371,0.580879647372
2018_1274_1372,0.580879647372
2018_1274_1382,0.650155346867
2018_1274_1393,0.520362841904
2018_1274_1395,0.582292433836
2018_1274_1397,0.251722166693
2018_1274_1400,0.546933399061
2018_1274_1401,0.521374975503
2018_1274_1403,0.26868586692
2018_1274_1411,0.659717274484
2018_1274_1417,0.536429201764
2018_1274_1420,0.673190454704
2018_1274_1422,0.659717274484
2018_1274_1437,0.251722166693
2018_1274_1438,0.289385250789
2018_1274_1439,0.580879647372
2018_1274_1452,0.453649311631
2018_1274_1455,0.26868586692
2018_1274_1460,0.673190454704
2018_1274_1462,0.26868586692
2018_1276_1277,0.448383093025
2018_1276_1281,0.56867227009
2018_1276_1285,0.625879151928
2018_1276_1293,0.613739205496
2018_1276_1300,0.673190454704
2018_1276_1301,0.577435856613
2018_1276_1305,0.580879647372
2018_1276_1308,0.659717274484
2018_1276_1314,0.410369219948
2018_1276_1326,0.549186147665
2018_1276_1328,0.538690126958
2018_1276_1335,0.673190454704
2018_1276_1344,0.611580886834
2018_1276_1345,0.498618354507
2018_1276_1347,0.673190454704
2018_1276_1348,0.56867227009
2018_1276_1355,0.650155346867
2018_1276_1361,0.587724998611
2018_1276_1371,0.601483414786
2018_1276_1372,0.611580886834
2018_1276_1382,0.650155346867
2018_1276_1393,0.520362841904
2018_1276_1395,0.650155346867
2018_1276_1397,0.477478254897
2018_1276_1400,0.570901730919
2018_1276_1401,0.593340677407
2018_1276_1403,0.519023977177
2018_1276_1411,0.659717274484
2018_1276_1417,0.536429201764
2018_1276_1420,0.673190454704
2018_1276_1422,0.673190454704
2018_1276_1437,0.253439156438
2018_1276_1438,0.308720095783
2018_1276_1439,0.601483414786
2018_1276_1452,0.560506695391
2018_1276_1455,0.499581140026
2018_1276_1460,0.673190454704
2018_1276_1462,0.26868586692
2018_1277_1281,0.647513835966
2018_1277_1285,0.673190454704
2018_1277_1293,0.673190454704
2018_1277_1300,0.809065028796
2018_1277_1301,0.640171443282
2018_1277_1305,0.650155346867
2018_1277_1308,0.809065028796
2018_1277_1314,0.473304549148
2018_1277_1326,0.583474303529
2018_1277_1328,0.580879647372
2018_1277_1335,0.809065028796
2018_1277_1344,0.673190454704
2018_1277_1345,0.579574628379
2018_1277_1347,0.809065028796
2018_1277_1348,0.583474303529
2018_1277_1355,0.799525317519
2018_1277_1361,0.640171443282
2018_1277_1371,0.659717274484
2018_1277_1372,0.673190454704
2018_1277_1382,0.799525317519
2018_1277_1393,0.583474303529
2018_1277_1395,0.79265726842
2018_1277_1397,0.520280612425
2018_1277_1400,0.605709860907
2018_1277_1401,0.673190454704
2018_1277_1403,0.575828491754
2018_1277_1411,0.809065028796
2018_1277_1417,0.577435856613
2018_1277_1420,0.809065028796
2018_1277_1422,0.809065028796
2018_1277_1437,0.287196655553
2018_1277_1438,0.354641317216
2018_1277_1439,0.659717274484
2018_1277_1452,0.580879647372
2018_1277_1455,0.55251528253
2018_1277_1460,0.809065028796
2018_1277_1462,0.325145651537
2018_1281_1285,0.605709860907
2018_1281_1293,0.591144308548
2018_1281_1300,0.663544299723
2018_1281_1301,0.499581140026
2018_1281_1305,0.492812746272
2018_1281_1308,0.659717274484
2018_1281_1314,0.219951156198
2018_1281_1326,0.245662480327
2018_1281_1328,0.536429201764
2018_1281_1335,0.663544299723
2018_1281_1344,0.591144308548
2018_1281_1345,0.287196655553
2018_1281_1347,0.673190454704
2018_1281_1348,0.483862854191
2018_1281_1355,0.650155346867
2018_1281_1361,0.558265014922
2018_1281_1371,0.509712415591
2018_1281_1372,0.591144308548
2018_1281_1382,0.650155346867
2018_1281_1393,0.520362841904
2018_1281_1395,0.350759656879
2018_1281_1397,0.251722166693
2018_1281_1400,0.549186147665
2018_1281_1401,0.505663876641
2018_1281_1403,0.26868586692
2018_1281_1411,0.659717274484
2018_1281_1417,0.536429201764
2018_1281_1420,0.673190454704
2018_1281_1422,0.663544299723
2018_1281_1437,0.251722166693
2018_1281_1438,0.289385250789
2018_1281_1439,0.509712415591
2018_1281_1452,0.253439156438
2018_1281_1455,0.26868586692
2018_1281_1460,0.673190454704
2018_1281_1462,0.26868586692
2018_1285_1293,0.26868586692
2018_1285_1300,0.623680617157
2018_1285_1301,0.251722166693
2018_1285_1305,0.251722166693
2018_1285_1308,0.325145651537
2018_1285_1314,0.194027489981
2018_1285_1326,0.194027489981
2018_1285_1328,0.200530671519
2018_1285_1335,0.623680617157
2018_1285_1344,0.26868586692
2018_1285_1345,0.26868586692
2018_1285_1347,0.647513835966
2018_1285_1348,0.26868586692
2018_1285_1355,0.325145651537
2018_1285_1361,0.251722166693
2018_1285_1371,0.26868586692
2018_1285_1372,0.486651358749
2018_1285_1382,0.325145651537
2018_1285_1393,0.20219327623
2018_1285_1395,0.325145651537
2018_1285_1397,0.200530671519
2018_1285_1400,0.221515590036
2018_1285_1401,0.253439156438
2018_1285_1403,0.251722166693
2018_1285_1411,0.623680617157
2018_1285_1417,0.194027489981
2018_1285_1420,0.647513835966
2018_1285_1422,0.540956301759
2018_1285_1437,0.200530671519
2018_1285_1438,0.259775456954
2018_1285_1439,0.26868586692
2018_1285_1452,0.221515590036
2018_1285_1455,0.237906089596
2018_1285_1460,0.564631795853
2018_1285_1462,0.251722166693
2018_1293_1300,0.63751788703
2018_1293_1301,0.251722166693
2018_1293_1305,0.251722166693
2018_1293_1308,0.564631795853
2018_1293_1314,0.194027489981
2018_1293_1326,0.200730118102
2018_1293_1328,0.200530671519
2018_1293_1335,0.63751788703
2018_1293_1344,0.277080909954
2018_1293_1345,0.26868586692
2018_1293_1347,0.647513835966
2018_1293_1348,0.277080909954
2018_1293_1355,0.5542034755
2018_1293_1361,0.45139605692
2018_1293_1371,0.26868586692
2018_1293_1372,0.56867227009
2018_1293_1382,0.540956301759
2018_1293_1393,0.397088937467
2018_1293_1395,0.325145651537
2018_1293_1397,0.200530671519
2018_1293_1400,0.227296758206
2018_1293_1401,0.261528179113
2018_1293_1403,0.251722166693
2018_1293_1411,0.633558310399
2018_1293_1417,0.370602478656
2018_1293_1420,0.647513835966
2018_1293_1422,0.581469340764
2018_1293_1437,0.200530671519
2018_1293_1438,0.271600032638
2018_1293_1439,0.26868586692
2018_1293_1452,0.221515590036
2018_1293_1455,0.237906089596
2018_1293_1460,0.647513835966
2018_1293_1462,0.251722166693
2018_1300_1301,0.194027489981
2018_1300_1305,0.200530671519
2018_1300_1308,0.26868586692
2018_1300_1314,0.195453738868
2018_1300_1326,0.194027489981
2018_1300_1328,0.195453738868
2018_1300_1335,0.4972263224
2018_1300_1344,0.227296758206
2018_1300_1345,0.201992743253
2018_1300_1347,0.512377804168
2018_1300_1348,0.277080909954
2018_1300_1355,0.26868586692
2018_1300_1361,0.194027489981
2018_1300_1371,0.219951156198
2018_1300_1372,0.219951156198
2018_1300_1382,0.26868586692
2018_1300_1393,0.212147992486
2018_1300_1395,0.26868586692
2018_1300_1397,0.195453738868
2018_1300_1400,0.20219327623
2018_1300_1401,0.201992743253
2018_1300_1403,0.195453738868
2018_1300_1411,0.4972263224
2018_1300_1417,0.194027489981
2018_1300_1420,0.512377804168
2018_1300_1422,0.277080909954
2018_1300_1437,0.194027489981
2018_1300_1438,0.200730118102
2018_1300_1439,0.219951156198
2018_1300_1452,0.195453738868
2018_1300_1455,0.194027489981
2018_1300_1460,0.289385250789
2018_1300_1462,0.194027489981
2018_1301_1305,0.26868586692
2018_1301_1308,0.673190454704
2018_1301_1314,0.200530671519
2018_1301_1326,0.238118525371
2018_1301_1328,0.45895034517
2018_1301_1335,0.673190454704
2018_1301_1344,0.548228328169
2018_1301_1345,0.299510191499
2018_1301_1347,0.673190454704
2018_1301_1348,0.289385250789
2018_1301_1355,0.659717274484
2018_1301_1361,0.583474303529
2018_1301_1371,0.506922256837
2018_1301_1372,0.605709860907
2018_1301_1382,0.659717274484
2018_1301_1393,0.491117564413
2018_1301_1395,0.350759656879
2018_1301_1397,0.271600032638
2018_1301_1400,0.505549770441
2018_1301_1401,0.291259144239
2018_1301_1403,0.289385250789
2018_1301_1411,0.673190454704
2018_1301_1417,0.528355169767
2018_1301_1420,0.673190454704
2018_1301_1422,0.673190454704
2018_1301_1437,0.251722166693
2018_1301_1438,0.289385250789
2018_1301_1439,0.506922256837
2018_1301_1452,0.261528179113
2018_1301_1455,0.259775456954
2018_1301_1460,0.673190454704
2018_1301_1462,0.26868586692
2018_1305_1308,0.654012652852
2018_1305_1314,0.200730118102
2018_1305_1326,0.217541309617
2018_1305_1328,0.502946277355
2018_1305_1335,0.654012652852
2018_1305_1344,0.602330419122
2018_1305_1345,0.289385250789
2018_1305_1347,0.654012652852
2018_1305_1348,0.512377804168
2018_1305_1355,0.654012652852
2018_1305_1361,0.583474303529
2018_1305_1371,0.544726524646
2018_1305_1372,0.602330419122
2018_1305_1382,0.654012652852
2018_1305_1393,0.480858782
2018_1305_1395,0.558506072887
2018_1305_1397,0.257067750395
2018_1305_1400,0.564144362695
2018_1305_1401,0.514649899055
2018_1305_1403,0.289385250789
2018_1305_1411,0.654012652852
2018_1305_1417,0.518092448506
2018_1305_1420,0.654012652852
2018_1305_1422,0.654012652852
2018_1305_1437,0.237906089596
2018_1305_1438,0.289385250789
2018_1305_1439,0.544726524646
2018_1305_1452,0.273403068684
2018_1305_1455,0.271600032638
2018_1305_1460,0.654012652852
2018_1305_1462,0.259775456954
2018_1308_1314,0.195453738868
2018_1308_1326,0.20219327623
2018_1308_1328,0.195453738868
2018_1308_1335,0.583474303529
2018_1308_1344,0.22889810739
2018_1308_1345,0.201992743253
2018_1308_1347,0.583474303529
2018_1308_1348,0.2789063992
2018_1308_1355,0.486651358749
2018_1308_1361,0.380524965658
2018_1308_1371,0.221515590036
2018_1308_1372,0.502946277355
2018_1308_1382,0.473304549148
2018_1308_1393,0.397088937467
2018_1308_1395,0.26868586692
2018_1308_1397,0.20219327623
2018_1308_1400,0.204964863843
2018_1308_1401,0.20889921112
2018_1308_1403,0.20219327623
2018_1308_1411,0.56867227009
2018_1308_1417,0.372726438662
2018_1308_1420,0.583474303529
2018_1308_1422,0.525291683305
2018_1308_1437,0.195453738868
2018_1308_1438,0.212147992486
2018_1308_1439,0.219951156198
2018_1308_1452,0.195453738868
2018_1308_1455,0.194027489981
2018_1308_1460,0.583474303529
2018_1308_1462,0.194027489981
2018_1314_1326,0.583474303529
2018_1314_1328,0.591144308548
2018_1314_1335,0.809065028796
2018_1314_1344,0.673190454704
2018_1314_1345,0.607095562133
2018_1314_1347,0.809065028796
2018_1314_1348,0.583474303529
2018_1314_1355,0.809065028796
2018_1314_1361,0.654012652852
2018_1314_1371,0.673190454704
2018_1314_1372,0.673190454704
2018_1314_1382,0.809065028796
2018_1314_1393,0.583474303529
2018_1314_1395,0.799525317519
2018_1314_1397,0.548228328169
2018_1314_1400,0.625879151928
2018_1314_1401,0.67518824875
2018_1314_1403,0.598909973871
2018_1314_1411,0.809065028796
2018_1314_1417,0.605709860907
2018_1314_1420,0.809065028796
2018_1314_1422,0.809065028796
2018_1314_1437,0.496344656328
2018_1314_1438,0.573395263937
2018_1314_1439,0.673190454704
2018_1314_1452,0.615633868109
2018_1314_1455,0.641252349754
2018_1314_1460,0.809065028796
2018_1314_1462,0.540956301759
2018_1326_1328,0.558265014922
2018_1326_1335,0.809065028796
2018_1326_1344,0.659717274484
2018_1326_1345,0.350759656879
2018_1326_1347,0.809065028796
2018_1326_1348,0.56867227009
2018_1326_1355,0.79265726842
2018_1326_1361,0.633558310399
2018_1326_1371,0.650155346867
2018_1326_1372,0.659717274484
2018_1326_1382,0.79265726842
2018_1326_1393,0.585682997381
2018_1326_1395,0.751236653993
2018_1326_1397,0.295936021283
2018_1326_1400,0.591144308548
2018_1326_1401,0.642263821512
2018_1326_1403,0.334497894791
2018_1326_1411,0.799525317519
2018_1326_1417,0.558265014922
2018_1326_1420,0.809065028796
2018_1326_1422,0.809065028796
2018_1326_1437,0.284312886149
2018_1326_1438,0.354641317216
2018_1326_1439,0.650155346867
2018_1326_1452,0.511985101009
2018_1326_1455,0.496344656328
2018_1326_1460,0.809065028796
2018_1326_1462,0.304963131768
2018_1328_1335,0.809065028796
2018_1328_1344,0.586422008311
2018_1328_1345,0.354641317216
2018_1328_1347,0.809065028796
2018_1328_1348,0.289385250789
2018_1328_1355,0.809065028796
2018_1328_1361,0.569246935041
2018_1328_1371,0.354641317216
2018_1328_1372,0.654012652852
2018_1328_1382,0.769970968192
2018_1328_1393,0.505549770441
2018_1328_1395,0.536909333889
2018_1328_1397,0.289385250789
2018_1328_1400,0.531870178469
2018_1328_1401,0.350190939993
2018_1328_1403,0.327206844712
2018_1328_1411,0.809065028796
2018_1328_1417,0.525291683305
2018_1328_1420,0.809065028796
2018_1328_1422,0.809065028796
2018_1328_1437,0.26868586692
2018_1328_1438,0.341949186493
2018_1328_1439,0.354641317216
2018_1328_1452,0.296554220375
2018_1328_1455,0.308720095783
2018_1328_1460,0.809065028796
2018_1328_1462,0.287196655553
2018_1335_1344,0.221515590036
2018_1335_1345,0.201992743253
2018_1335_1347,0.512377804168
2018_1335_1348,0.270476740782
2018_1335_1355,0.26868586692
2018_1335_1361,0.194027489981
2018_1335_1371,0.219951156198
2018_1335_1372,0.219951156198
2018_1335_1382,0.26868586692
2018_1335_1393,0.212147992486
2018_1335_1395,0.26868586692
2018_1335_1397,0.195453738868
2018_1335_1400,0.20219327623
2018_1335_1401,0.201992743253
2018_1335_1403,0.195453738868
2018_1335_1411,0.486651358749
2018_1335_1417,0.195453738868
2018_1335_1420,0.512377804168
2018_1335_1422,0.277080909954
2018_1335_1437,0.195453738868
2018_1335_1438,0.20219327623
2018_1335_1439,0.219951156198
2018_1335_1452,0.195453738868
2018_1335_1455,0.194027489981
2018_1335_1460,0.289385250789
2018_1335_1462,0.194027489981
2018_1344_1345,0.26868586692
2018_1344_1347,0.647513835966
2018_1344_1348,0.277080909954
2018_1344_1355,0.623680617157
2018_1344_1361,0.477559177164
2018_1344_1371,0.26868586692
2018_1344_1372,0.56867227009
2018_1344_1382,0.566945868634
2018_1344_1393,0.422528689416
2018_1344_1395,0.325145651537
2018_1344_1397,0.200530671519
2018_1344_1400,0.433729542863
2018_1344_1401,0.261528179113
2018_1344_1403,0.259775456954
2018_1344_1411,0.633558310399
2018_1344_1417,0.395458362407
2018_1344_1420,0.647513835966
2018_1344_1422,0.647513835966
2018_1344_1437,0.200530671519
2018_1344_1438,0.271600032638
2018_1344_1439,0.26868586692
2018_1344_1452,0.221515590036
2018_1344_1455,0.237906089596
2018_1344_1460,0.647513835966
2018_1344_1462,0.251722166693
2018_1345_1347,0.654012652852
2018_1345_1348,0.583474303529
2018_1345_1355,0.640171443282
2018_1345_1361,0.546933399061
2018_1345_1371,0.56867227009
2018_1345_1372,0.583474303529
2018_1345_1382,0.640171443282
2018_1345_1393,0.478588765347
2018_1345_1395,0.630368009882
2018_1345_1397,0.444229563753
2018_1345_1400,0.543429947354
2018_1345_1401,0.585682997381
2018_1345_1403,0.492396428306
2018_1345_1411,0.654012652852
2018_1345_1417,0.463177509826
2018_1345_1420,0.654012652852
2018_1345_1422,0.654012652852
2018_1345_1437,0.408170334446
2018_1345_1438,0.496526452943
2018_1345_1439,0.56867227009
2018_1345_1452,0.51779999256
2018_1345_1455,0.536429201764
2018_1345_1460,0.654012652852
2018_1345_1462,0.45139605692
2018_1347_1348,0.26868586692
2018_1347_1355,0.26868586692
2018_1347_1361,0.194027489981
2018_1347_1371,0.219951156198
2018_1347_1372,0.219951156198
2018_1347_1382,0.26868586692
2018_1347_1393,0.20219327623
2018_1347_1395,0.26868586692
2018_1347_1397,0.195453738868
2018_1347_1400,0.195453738868
2018_1347_1401,0.201992743253
2018_1347_1403,0.195453738868
2018_1347_1411,0.486651358749
2018_1347_1417,0.194027489981
2018_1347_1420,0.4972263224
2018_1347_1422,0.26868586692
2018_1347_1437,0.194027489981
2018_1347_1438,0.194027489981
2018_1347_1439,0.219951156198
2018_1347_1452,0.195453738868
2018_1347_1455,0.194027489981
2018_1347_1460,0.277080909954
2018_1347_1462,0.194027489981
2018_1348_1355,0.558265014922
2018_1348_1361,0.558265014922
2018_1348_1371,0.499581140026
2018_1348_1372,0.56867227009
2018_1348_1382,0.558265014922
2018_1348_1393,0.585682997381
2018_1348_1395,0.473304549148
2018_1348_1397,0.26868586692
2018_1348_1400,0.570901730919
2018_1348_1401,0.499500053901
2018_1348_1403,0.277080909954
2018_1348_1411,0.56867227009
2018_1348_1417,0.558265014922
2018_1348_1420,0.605709860907
2018_1348_1422,0.602330419122
2018_1348_1437,0.26868586692
2018_1348_1438,0.289385250789
2018_1348_1439,0.499581140026
2018_1348_1452,0.270476740782
2018_1348_1455,0.26868586692
2018_1348_1460,0.583474303529
2018_1348_1462,0.26868586692
2018_1355_1361,0.384562744407
2018_1355_1371,0.227296758206
2018_1355_1372,0.518092448506
2018_1355_1382,0.483862854191
2018_1355_1393,0.397088937467
2018_1355_1395,0.26868586692
2018_1355_1397,0.204964863843
2018_1355_1400,0.212147992486
2018_1355_1401,0.21909341732
2018_1355_1403,0.212147992486
2018_1355_1411,0.583474303529
2018_1355_1417,0.372726438662
2018_1355_1420,0.583474303529
2018_1355_1422,0.525291683305
2018_1355_1437,0.195453738868
2018_1355_1438,0.212147992486
2018_1355_1439,0.227296758206
2018_1355_1452,0.195453738868
2018_1355_1455,0.200730118102
2018_1355_1460,0.583474303529
2018_1355_1462,0.194027489981
2018_1361_1371,0.287196655553
2018_1361_1372,0.591144308548
2018_1361_1382,0.582292433836
2018_1361_1393,0.419929111567
2018_1361_1395,0.350759656879
2018_1361_1397,0.261528179113
2018_1361_1400,0.479259905673
2018_1361_1401,0.2789063992
2018_1361_1403,0.2789063992
2018_1361_1411,0.673190454704
2018_1361_1417,0.446134636253
2018_1361_1420,0.673190454704
2018_1361_1422,0.673190454704
2018_1361_1437,0.253439156438
2018_1361_1438,0.289385250789
2018_1361_1439,0.295936021283
2018_1361_1452,0.253439156438
2018_1361_1455,0.251722166693
2018_1361_1460,0.673190454704
2018_1361_1462,0.26868586692
2018_1371_1372,0.583474303529
2018_1371_1382,0.633558310399
2018_1371_1393,0.480858782
2018_1371_1395,0.325145651537
2018_1371_1397,0.217541309617
2018_1371_1400,0.520362841904
2018_1371_1401,0.479259905673
2018_1371_1403,0.271600032638
2018_1371_1411,0.647513835966
2018_1371_1417,0.463486738863
2018_1371_1420,0.647513835966
2018_1371_1422,0.647513835966
2018_1371_1437,0.200530671519
2018_1371_1438,0.271600032638
2018_1371_1439,0.4972263224
2018_1371_1452,0.22889810739
2018_1371_1455,0.245662480327
2018_1371_1460,0.647513835966
2018_1371_1462,0.251722166693
2018_1372_1382,0.325145651537
2018_1372_1393,0.212147992486
2018_1372_1395,0.325145651537
2018_1372_1397,0.20889921112
2018_1372_1400,0.231929337863
2018_1372_1401,0.261528179113
2018_1372_1403,0.261528179113
2018_1372_1411,0.633558310399
2018_1372_1417,0.195453738868
2018_1372_1420,0.647513835966
2018_1372_1422,0.566386146678
2018_1372_1437,0.201992743253
2018_1372_1438,0.273403068684
2018_1372_1439,0.26868586692
2018_1372_1452,0.221515590036
2018_1372_1455,0.237906089596
2018_1372_1460,0.579469950572
2018_1372_1462,0.251722166693
2018_1382_1393,0.409959397071
2018_1382_1395,0.26868586692
2018_1382_1397,0.212147992486
2018_1382_1400,0.397088937467
2018_1382_1401,0.21909341732
2018_1382_1403,0.212147992486
2018_1382_1411,0.583474303529
2018_1382_1417,0.393208692365
2018_1382_1420,0.583474303529
2018_1382_1422,0.583474303529
2018_1382_1437,0.194027489981
2018_1382_1438,0.21063181637
2018_1382_1439,0.227296758206
2018_1382_1452,0.20219327623
2018_1382_1455,0.200730118102
2018_1382_1460,0.583474303529
2018_1382_1462,0.194027489981
2018_1393_1395,0.526373986596
2018_1393_1397,0.287196655553
2018_1393_1400,0.51765334386
2018_1393_1401,0.350759656879
2018_1393_1403,0.331451390245
2018_1393_1411,0.79265726842
2018_1393_1417,0.509712415591
2018_1393_1420,0.809065028796
2018_1393_1422,0.79265726842
2018_1393_1437,0.287196655553
2018_1393_1438,0.350759656879
2018_1393_1439,0.350759656879
2018_1393_1452,0.304963131768
2018_1393_1455,0.319178729319
2018_1393_1460,0.799525317519
2018_1393_1462,0.325145651537
2018_1395_1397,0.21063181637
2018_1395_1400,0.480858782
2018_1395_1401,0.432579976226
2018_1395_1403,0.21063181637
2018_1395_1411,0.583474303529
2018_1395_1417,0.478588765347
2018_1395_1420,0.583474303529
2018_1395_1422,0.583474303529
2018_1395_1437,0.194027489981
2018_1395_1438,0.21063181637
2018_1395_1439,0.518092448506
2018_1395_1452,0.397088937467
2018_1395_1455,0.21063181637
2018_1395_1460,0.583474303529
2018_1395_1462,0.200730118102
2018_1397_1400,0.583474303529
2018_1397_1401,0.613739205496
2018_1397_1403,0.520280612425
2018_1397_1411,0.809065028796
2018_1397_1417,0.558265014922
2018_1397_1420,0.809065028796
2018_1397_1422,0.809065028796
2018_1397_1437,0.26868586692
2018_1397_1438,0.327206844712
2018_1397_1439,0.640171443282
2018_1397_1452,0.558265014922
2018_1397_1455,0.522631117783
2018_1397_1460,0.809065028796
2018_1397_1462,0.287196655553
2018_1400_1401,0.297834555006
2018_1400_1403,0.287196655553
2018_1400_1411,0.799525317519
2018_1400_1417,0.477559177164
2018_1400_1420,0.809065028796
2018_1400_1422,0.799525317519
2018_1400_1437,0.26868586692
2018_1400_1438,0.308720095783
2018_1400_1439,0.325145651537
2018_1400_1452,0.26868586692
2018_1400_1455,0.26868586692
2018_1400_1460,0.809065028796
2018_1400_1462,0.26868586692
2018_1401_1403,0.277080909954
2018_1401_1411,0.640171443282
2018_1401_1417,0.492368796131
2018_1401_1420,0.654012652852
2018_1401_1422,0.654012652852
2018_1401_1437,0.237906089596
2018_1401_1438,0.289385250789
2018_1401_1439,0.519104945486
2018_1401_1452,0.251722166693
2018_1401_1455,0.251722166693
2018_1401_1460,0.654012652852
2018_1401_1462,0.251722166693
2018_1403_1411,0.663544299723
2018_1403_1417,0.51779999256
2018_1403_1420,0.673190454704
2018_1403_1422,0.673190454704
2018_1403_1437,0.251722166693
2018_1403_1438,0.289385250789
2018_1403_1439,0.580879647372
2018_1403_1452,0.536429201764
2018_1403_1455,0.477559177164
2018_1403_1460,0.673190454704
2018_1403_1462,0.26868586692
2018_1411_1417,0.194027489981
2018_1411_1420,0.512377804168
2018_1411_1422,0.289385250789
2018_1411_1437,0.194027489981
2018_1411_1438,0.21063181637
2018_1411_1439,0.219951156198
2018_1411_1452,0.195453738868
2018_1411_1455,0.194027489981
2018_1411_1460,0.289385250789
2018_1411_1462,0.194027489981
2018_1417_1420,0.809065028796
2018_1417_1422,0.809065028796
2018_1417_1437,0.26868586692
2018_1417_1438,0.348124128255
2018_1417_1439,0.374543663219
2018_1417_1452,0.297834555006
2018_1417_1455,0.295936021283
2018_1417_1460,0.809065028796
2018_1417_1462,0.287196655553
2018_1420_1422,0.26868586692
2018_1420_1437,0.195453738868
2018_1420_1438,0.195453738868
2018_1420_1439,0.219951156198
2018_1420_1452,0.195453738868
2018_1420_1455,0.194027489981
2018_1420_1460,0.26868586692
2018_1420_1462,0.194027489981
2018_1422_1437,0.195453738868
2018_1422_1438,0.20219327623
2018_1422_1439,0.219951156198
2018_1422_1452,0.195453738868
2018_1422_1455,0.195453738868
2018_1422_1460,0.525291683305
2018_1422_1462,0.194027489981
2018_1437_1438,0.556519286772
2018_1437_1439,0.654012652852
2018_1437_1452,0.585682997381
2018_1437_1455,0.605709860907
2018_1437_1460,0.809065028796
2018_1437_1462,0.535386525251
2018_1438_1439,0.580879647372
2018_1438_1452,0.538690126958
2018_1438_1455,0.536429201764
2018_1438_1460,0.673190454704
2018_1438_1462,0.48416858936
2018_1439_1452,0.221515590036
2018_1439_1455,0.247351800202
2018_1439_1460,0.647513835966
2018_1439_1462,0.251722166693
2018_1452_1455,0.483862854191
2018_1452_1460,0.809065028796
2018_1452_1462,0.26868586692
2018_1455_1460,0.673190454704
2018_1455_1462,0.26868586692
2018_1460_1462,0.194027489981
